[
  {
    "verse": "Revelation 4:11",
    "date": "2026-01-01",
    "formattedDate": "Thursday, January 1, 2026"
  },
  {
    "verse": "Colossians 1:16",
    "date": "2026-01-02",
    "formattedDate": "Friday, January 2, 2026"
  },
  {
    "verse": "Proverbs 3:19",
    "date": "2026-01-03",
    "formattedDate": "Saturday, January 3, 2026"
  },
  {
    "verse": "Psalm 147:5",
    "date": "2026-01-04",
    "formattedDate": "Sunday, January 4, 2026"
  },
  {
    "verse": "Jeremiah 32:17",
    "date": "2026-01-05",
    "formattedDate": "Monday, January 5, 2026"
  },
  {
    "verse": "Isaiah 40:28",
    "date": "2026-01-06",
    "formattedDate": "Tuesday, January 6, 2026"
  },
  {
    "verse": "Genesis 1:1",
    "date": "2026-01-07",
    "formattedDate": "Wednesday, January 7, 2026",
    "plan": "Creation",
    "description": "preferred day of week is Wednesday"
  },
  {
    "verse": "Genesis 1:2",
    "date": "2026-01-08",
    "formattedDate": "Thursday, January 8, 2026",
    "plan": "Creation",
    "description": "preferred day of week is Thursday"
  },
  {
    "verse": "Genesis 1:3",
    "date": "2026-01-09",
    "formattedDate": "Friday, January 9, 2026",
    "plan": "Creation",
    "description": "Day 1 - Light - preferred day of week is Friday"
  },
  {
    "verse": "Genesis 1:4-5",
    "date": "2026-01-10",
    "formattedDate": "Saturday, January 10, 2026",
    "plan": "Creation",
    "description": "Day 1 - Light & Darkness - preferred day of week is Saturday"
  },
  {
    "verse": "Genesis 1:8",
    "date": "2026-01-11",
    "formattedDate": "Sunday, January 11, 2026",
    "plan": "Creation",
    "description": "Day 2 - Heavens - preferred day of week is Sunday"
  },
  {
    "verse": "Genesis 1:10-11",
    "date": "2026-01-12",
    "formattedDate": "Monday, January 12, 2026",
    "plan": "Creation",
    "description": "Day 3 - Land, Sea & Plants - preferred day of week is Monday"
  },
  {
    "verse": "Genesis 1:16",
    "date": "2026-01-13",
    "formattedDate": "Tuesday, January 13, 2026",
    "plan": "Creation",
    "description": "Day 4 - Sun, Moon & Stars - preferred day of week is Tuesday"
  },
  {
    "verse": "Genesis 1:20",
    "date": "2026-01-14",
    "formattedDate": "Wednesday, January 14, 2026",
    "plan": "Creation",
    "description": "Day 5 - Fish & Birds - preferred day of week is Wednesday"
  },
  {
    "verse": "Genesis 1:24",
    "date": "2026-01-15",
    "formattedDate": "Thursday, January 15, 2026",
    "plan": "Creation",
    "description": "Day 6 - Animals - preferred day of week is Thursday"
  },
  {
    "verse": "Genesis 1:27",
    "date": "2026-01-16",
    "formattedDate": "Friday, January 16, 2026",
    "plan": "Creation",
    "description": "Day 6 - Man - preferred day of week is Friday"
  },
  {
    "verse": "Genesis 2:3",
    "date": "2026-01-17",
    "formattedDate": "Saturday, January 17, 2026",
    "plan": "Creation",
    "description": "Day 7 - Day of Rest - preferred day of week is Saturday"
  },
  {
    "verse": "Deuteronomy 6:5",
    "date": "2026-01-18",
    "formattedDate": "Sunday, January 18, 2026"
  },
  {
    "verse": "Matthew 28:18-20",
    "date": "2026-01-19",
    "formattedDate": "Monday, January 19, 2026",
    "description": "Martin Luther King Jr. Day (Holiday)"
  },
  {
    "verse": "Acts 16:30-31",
    "date": "2026-01-20",
    "formattedDate": "Tuesday, January 20, 2026"
  },
  {
    "verse": "Luke 19:38",
    "date": "2026-01-21",
    "formattedDate": "Wednesday, January 21, 2026"
  },
  {
    "verse": "Romans 12:1-2",
    "date": "2026-01-22",
    "formattedDate": "Thursday, January 22, 2026"
  },
  {
    "verse": "Ephesians 6:4",
    "date": "2026-01-23",
    "formattedDate": "Friday, January 23, 2026"
  },
  {
    "verse": "Job 36:22-24",
    "date": "2026-01-24",
    "formattedDate": "Saturday, January 24, 2026"
  },
  {
    "verse": "1 Chronicles 16:34",
    "date": "2026-01-25",
    "formattedDate": "Sunday, January 25, 2026"
  },
  {
    "verse": "1 John 3:2-3",
    "date": "2026-01-26",
    "formattedDate": "Monday, January 26, 2026"
  },
  {
    "verse": "1 Peter 3:18",
    "date": "2026-01-27",
    "formattedDate": "Tuesday, January 27, 2026"
  },
  {
    "verse": "John 8:12",
    "date": "2026-01-28",
    "formattedDate": "Wednesday, January 28, 2026"
  },
  {
    "verse": "Zephaniah 3:17",
    "date": "2026-01-29",
    "formattedDate": "Thursday, January 29, 2026"
  },
  {
    "verse": "1 Peter 5:7",
    "date": "2026-01-30",
    "formattedDate": "Friday, January 30, 2026"
  },
  {
    "verse": "Deuteronomy 7:9",
    "date": "2026-01-31",
    "formattedDate": "Saturday, January 31, 2026"
  },
  {
    "verse": "Exodus 20:3",
    "date": "2026-02-01",
    "formattedDate": "Sunday, February 1, 2026",
    "plan": "10 Commandments",
    "description": "Day 1 - 1st Commandment"
  },
  {
    "verse": "Exodus 20:4-6",
    "date": "2026-02-02",
    "formattedDate": "Monday, February 2, 2026",
    "plan": "10 Commandments",
    "description": "Day 2 - 2nd Commandment"
  },
  {
    "verse": "Exodus 20:7",
    "date": "2026-02-03",
    "formattedDate": "Tuesday, February 3, 2026",
    "plan": "10 Commandments",
    "description": "Day 3 - 3rd Commandment"
  },
  {
    "verse": "Exodus 20:8-11",
    "date": "2026-02-04",
    "formattedDate": "Wednesday, February 4, 2026",
    "plan": "10 Commandments",
    "description": "Day 4 - 4th Commandment"
  },
  {
    "verse": "Exodus 20:12",
    "date": "2026-02-05",
    "formattedDate": "Thursday, February 5, 2026",
    "plan": "10 Commandments",
    "description": "Day 5 - 5th Commandment"
  },
  {
    "verse": "Exodus 20:13-15",
    "date": "2026-02-06",
    "formattedDate": "Friday, February 6, 2026",
    "plan": "10 Commandments",
    "description": "Day 6 - 6th, 7th, and 8th Commandments"
  },
  {
    "verse": "Exodus 20:16-17",
    "date": "2026-02-07",
    "formattedDate": "Saturday, February 7, 2026",
    "plan": "10 Commandments",
    "description": "Day 7 - 9th and 10th Commandments"
  },
  {
    "verse": "Joshua 1:8",
    "date": "2026-02-08",
    "formattedDate": "Sunday, February 8, 2026"
  },
  {
    "verse": "2 Samuel 7:16",
    "date": "2026-02-09",
    "formattedDate": "Monday, February 9, 2026"
  },
  {
    "verse": "1 Kings 7:23",
    "date": "2026-02-10",
    "formattedDate": "Tuesday, February 10, 2026"
  },
  {
    "verse": "2 Kings 20:11",
    "date": "2026-02-11",
    "formattedDate": "Wednesday, February 11, 2026"
  },
  {
    "verse": "1 Samuel 12:23",
    "date": "2026-02-12",
    "formattedDate": "Thursday, February 12, 2026"
  },
  {
    "verse": "2 Chronicles 7:14",
    "date": "2026-02-13",
    "formattedDate": "Friday, February 13, 2026"
  },
  {
    "verse": "John 15:12-13",
    "date": "2026-02-14",
    "formattedDate": "Saturday, February 14, 2026",
    "description": "Valentine's Day (Holiday)"
  },
  {
    "verse": "Nehemiah 8:8",
    "date": "2026-02-15",
    "formattedDate": "Sunday, February 15, 2026"
  },
  {
    "verse": "Esther 4:16",
    "date": "2026-02-16",
    "formattedDate": "Monday, February 16, 2026"
  },
  {
    "verse": "Job 1:21",
    "date": "2026-02-17",
    "formattedDate": "Tuesday, February 17, 2026"
  },
  {
    "verse": "Job 19:25-26",
    "date": "2026-02-18",
    "formattedDate": "Wednesday, February 18, 2026"
  },
  {
    "verse": "Psalm 1:1-3",
    "date": "2026-02-19",
    "formattedDate": "Thursday, February 19, 2026"
  },
  {
    "verse": "Psalm 5:3",
    "date": "2026-02-20",
    "formattedDate": "Friday, February 20, 2026"
  },
  {
    "verse": "Psalm 9:10",
    "date": "2026-02-21",
    "formattedDate": "Saturday, February 21, 2026"
  },
  {
    "verse": "Psalm 19:1",
    "date": "2026-02-22",
    "formattedDate": "Sunday, February 22, 2026"
  },
  {
    "verse": "Psalm 27:1",
    "date": "2026-02-23",
    "formattedDate": "Monday, February 23, 2026"
  },
  {
    "verse": "Psalm 34:8",
    "date": "2026-02-24",
    "formattedDate": "Tuesday, February 24, 2026"
  },
  {
    "verse": "Psalm 34:18-19",
    "date": "2026-02-25",
    "formattedDate": "Wednesday, February 25, 2026"
  },
  {
    "verse": "Psalm 37:5",
    "date": "2026-02-26",
    "formattedDate": "Thursday, February 26, 2026"
  },
  {
    "verse": "Psalm 119:9-11",
    "date": "2026-02-27",
    "formattedDate": "Friday, February 27, 2026"
  },
  {
    "verse": "Psalm 126:5-6",
    "date": "2026-02-28",
    "formattedDate": "Saturday, February 28, 2026"
  },
  {
    "verse": "Psalm 127:3",
    "date": "2026-03-01",
    "formattedDate": "Sunday, March 1, 2026"
  },
  {
    "verse": "Psalm 139:14",
    "date": "2026-03-02",
    "formattedDate": "Monday, March 2, 2026"
  },
  {
    "verse": "Proverbs 3:5-6",
    "date": "2026-03-03",
    "formattedDate": "Tuesday, March 3, 2026"
  },
  {
    "verse": "Proverbs 11:11",
    "date": "2026-03-04",
    "formattedDate": "Wednesday, March 4, 2026"
  },
  {
    "verse": "Proverbs 12:24",
    "date": "2026-03-05",
    "formattedDate": "Thursday, March 5, 2026"
  },
  {
    "verse": "Proverbs 13:4",
    "date": "2026-03-06",
    "formattedDate": "Friday, March 6, 2026"
  },
  {
    "verse": "Proverbs 15:1",
    "date": "2026-03-07",
    "formattedDate": "Saturday, March 7, 2026"
  },
  {
    "verse": "Proverbs 17:17",
    "date": "2026-03-08",
    "formattedDate": "Sunday, March 8, 2026"
  },
  {
    "verse": "Proverbs 22:6",
    "date": "2026-03-09",
    "formattedDate": "Monday, March 9, 2026"
  },
  {
    "verse": "Proverbs 28:13",
    "date": "2026-03-10",
    "formattedDate": "Tuesday, March 10, 2026"
  },
  {
    "verse": "Ecclesiastes 1:9",
    "date": "2026-03-11",
    "formattedDate": "Wednesday, March 11, 2026"
  },
  {
    "verse": "Ecclesiastes 3:14",
    "date": "2026-03-12",
    "formattedDate": "Thursday, March 12, 2026"
  },
  {
    "verse": "Ecclesiastes 7:20",
    "date": "2026-03-13",
    "formattedDate": "Friday, March 13, 2026"
  },
  {
    "verse": "Ecclesiastes 10:10",
    "date": "2026-03-14",
    "formattedDate": "Saturday, March 14, 2026"
  },
  {
    "verse": "Song of Solomon 2:1",
    "date": "2026-03-15",
    "formattedDate": "Sunday, March 15, 2026"
  },
  {
    "verse": "Isaiah 1:18",
    "date": "2026-03-16",
    "formattedDate": "Monday, March 16, 2026"
  },
  {
    "verse": "Isaiah 6:3",
    "date": "2026-03-17",
    "formattedDate": "Tuesday, March 17, 2026"
  },
  {
    "verse": "Isaiah 9:6",
    "date": "2026-03-18",
    "formattedDate": "Wednesday, March 18, 2026"
  },
  {
    "verse": "Isaiah 14:12-15",
    "date": "2026-03-19",
    "formattedDate": "Thursday, March 19, 2026"
  },
  {
    "verse": "Isaiah 26:3",
    "date": "2026-03-20",
    "formattedDate": "Friday, March 20, 2026"
  },
  {
    "verse": "Isaiah 40:5",
    "date": "2026-03-21",
    "formattedDate": "Saturday, March 21, 2026"
  },
  {
    "verse": "Isaiah 40:31",
    "date": "2026-03-22",
    "formattedDate": "Sunday, March 22, 2026"
  },
  {
    "verse": "Isaiah 52:14",
    "date": "2026-03-23",
    "formattedDate": "Monday, March 23, 2026"
  },
  {
    "verse": "Isaiah 53:6",
    "date": "2026-03-24",
    "formattedDate": "Tuesday, March 24, 2026"
  },
  {
    "verse": "Isaiah 55:11",
    "date": "2026-03-25",
    "formattedDate": "Wednesday, March 25, 2026"
  },
  {
    "verse": "Leviticus 19:2",
    "date": "2026-03-26",
    "formattedDate": "Thursday, March 26, 2026"
  },
  {
    "verse": "Isaiah 64:6",
    "date": "2026-03-27",
    "formattedDate": "Friday, March 27, 2026"
  },
  {
    "verse": "Jeremiah 12:5",
    "date": "2026-03-28",
    "formattedDate": "Saturday, March 28, 2026"
  },
  {
    "verse": "Jeremiah 17:9",
    "date": "2026-03-29",
    "formattedDate": "Sunday, March 29, 2026"
  },
  {
    "verse": "Jeremiah 29:11",
    "date": "2026-03-30",
    "formattedDate": "Monday, March 30, 2026"
  },
  {
    "verse": "Jeremiah 33:3",
    "date": "2026-03-31",
    "formattedDate": "Tuesday, March 31, 2026"
  },
  {
    "verse": "Jeremiah 45:5",
    "date": "2026-04-01",
    "formattedDate": "Wednesday, April 1, 2026"
  },
  {
    "verse": "Lamentations 3:22-23",
    "date": "2026-04-02",
    "formattedDate": "Thursday, April 2, 2026"
  },
  {
    "verse": "Ezekiel 33:8",
    "date": "2026-04-03",
    "formattedDate": "Friday, April 3, 2026"
  },
  {
    "verse": "Ezekiel 33:11",
    "date": "2026-04-04",
    "formattedDate": "Saturday, April 4, 2026"
  },
  {
    "verse": "1 Corinthians 15:3-4",
    "date": "2026-04-05",
    "formattedDate": "Sunday, April 5, 2026",
    "description": "Easter (Holiday)"
  },
  {
    "verse": "Daniel 12:3",
    "date": "2026-04-06",
    "formattedDate": "Monday, April 6, 2026"
  },
  {
    "verse": "Hosea 3:4-5",
    "date": "2026-04-07",
    "formattedDate": "Tuesday, April 7, 2026"
  },
  {
    "verse": "Hosea 6:6",
    "date": "2026-04-08",
    "formattedDate": "Wednesday, April 8, 2026"
  },
  {
    "verse": "Joel 2:25",
    "date": "2026-04-09",
    "formattedDate": "Thursday, April 9, 2026"
  },
  {
    "verse": "Joel 2:28-29",
    "date": "2026-04-10",
    "formattedDate": "Friday, April 10, 2026"
  },
  {
    "verse": "Amos 3:2-3",
    "date": "2026-04-11",
    "formattedDate": "Saturday, April 11, 2026"
  },
  {
    "verse": "Obadiah 1:4",
    "date": "2026-04-12",
    "formattedDate": "Sunday, April 12, 2026"
  },
  {
    "verse": "Jonah 2:9",
    "date": "2026-04-13",
    "formattedDate": "Monday, April 13, 2026"
  },
  {
    "verse": "Micah 4:3-4",
    "date": "2026-04-14",
    "formattedDate": "Tuesday, April 14, 2026"
  },
  {
    "verse": "Micah 5:2",
    "date": "2026-04-15",
    "formattedDate": "Wednesday, April 15, 2026"
  },
  {
    "verse": "Micah 6:8",
    "date": "2026-04-16",
    "formattedDate": "Thursday, April 16, 2026"
  },
  {
    "verse": "Nahum 1:3",
    "date": "2026-04-17",
    "formattedDate": "Friday, April 17, 2026"
  },
  {
    "verse": "Nahum 1:7",
    "date": "2026-04-18",
    "formattedDate": "Saturday, April 18, 2026"
  },
  {
    "verse": "Habakkuk 3:19",
    "date": "2026-04-19",
    "formattedDate": "Sunday, April 19, 2026"
  },
  {
    "verse": "Zephaniah 1:7-8",
    "date": "2026-04-20",
    "formattedDate": "Monday, April 20, 2026"
  },
  {
    "verse": "Zephaniah 3:8",
    "date": "2026-04-21",
    "formattedDate": "Tuesday, April 21, 2026"
  },
  {
    "verse": "Haggai 1:4",
    "date": "2026-04-22",
    "formattedDate": "Wednesday, April 22, 2026"
  },
  {
    "verse": "Zechariah 12:10",
    "date": "2026-04-23",
    "formattedDate": "Thursday, April 23, 2026"
  },
  {
    "verse": "Malachi 3:1-3",
    "date": "2026-04-24",
    "formattedDate": "Friday, April 24, 2026"
  },
  {
    "verse": "Malachi 4:5-6",
    "date": "2026-04-25",
    "formattedDate": "Saturday, April 25, 2026"
  },
  {
    "verse": "Matthew 5:3-4",
    "date": "2026-04-26",
    "formattedDate": "Sunday, April 26, 2026",
    "plan": "Beatitudes",
    "description": "Day 1 - first pair"
  },
  {
    "verse": "Matthew 5:5-6",
    "date": "2026-04-27",
    "formattedDate": "Monday, April 27, 2026",
    "plan": "Beatitudes",
    "description": "Day 2 - second pair"
  },
  {
    "verse": "Matthew 5:7-8",
    "date": "2026-04-28",
    "formattedDate": "Tuesday, April 28, 2026",
    "plan": "Beatitudes",
    "description": "Day 3 - third pair"
  },
  {
    "verse": "Matthew 5:9-10",
    "date": "2026-04-29",
    "formattedDate": "Wednesday, April 29, 2026",
    "plan": "Beatitudes",
    "description": "Day 4 - fourth pair"
  },
  {
    "verse": "Matthew 5:11-12",
    "date": "2026-04-30",
    "formattedDate": "Thursday, April 30, 2026",
    "plan": "Beatitudes",
    "description": "Day 5 - fifth pair"
  },
  {
    "verse": "Matthew 6:9",
    "date": "2026-05-01",
    "formattedDate": "Friday, May 1, 2026",
    "plan": "The Lord's Prayer",
    "description": "Day 1"
  },
  {
    "verse": "Matthew 6:10",
    "date": "2026-05-02",
    "formattedDate": "Saturday, May 2, 2026",
    "plan": "The Lord's Prayer",
    "description": "Day 2"
  },
  {
    "verse": "Matthew 6:11-12",
    "date": "2026-05-03",
    "formattedDate": "Sunday, May 3, 2026",
    "plan": "The Lord's Prayer",
    "description": "Day 3"
  },
  {
    "verse": "Matthew 6:13",
    "date": "2026-05-04",
    "formattedDate": "Monday, May 4, 2026",
    "plan": "The Lord's Prayer",
    "description": "Day 4"
  },
  {
    "verse": "Matthew 6:33-34",
    "date": "2026-05-05",
    "formattedDate": "Tuesday, May 5, 2026"
  },
  {
    "verse": "Matthew 7:1-2",
    "date": "2026-05-06",
    "formattedDate": "Wednesday, May 6, 2026"
  },
  {
    "verse": "Matthew 7:7-8",
    "date": "2026-05-07",
    "formattedDate": "Thursday, May 7, 2026"
  },
  {
    "verse": "Matthew 10:32-33",
    "date": "2026-05-08",
    "formattedDate": "Friday, May 8, 2026"
  },
  {
    "verse": "Matthew 12:39-40",
    "date": "2026-05-09",
    "formattedDate": "Saturday, May 9, 2026"
  },
  {
    "verse": "Matthew 16:16-18",
    "date": "2026-05-10",
    "formattedDate": "Sunday, May 10, 2026"
  },
  {
    "verse": "Matthew 18:15-17",
    "date": "2026-05-11",
    "formattedDate": "Monday, May 11, 2026"
  },
  {
    "verse": "Matthew 22:31-32",
    "date": "2026-05-12",
    "formattedDate": "Tuesday, May 12, 2026"
  },
  {
    "verse": "Matthew 22:45",
    "date": "2026-05-13",
    "formattedDate": "Wednesday, May 13, 2026"
  },
  {
    "verse": "Matthew 25:41",
    "date": "2026-05-14",
    "formattedDate": "Thursday, May 14, 2026"
  },
  {
    "verse": "Genesis 50:20",
    "date": "2026-05-15",
    "formattedDate": "Friday, May 15, 2026"
  },
  {
    "verse": "Mark 10:45",
    "date": "2026-05-16",
    "formattedDate": "Saturday, May 16, 2026"
  },
  {
    "verse": "Mark 11:22-23",
    "date": "2026-05-17",
    "formattedDate": "Sunday, May 17, 2026"
  },
  {
    "verse": "Mark 16:15-16",
    "date": "2026-05-18",
    "formattedDate": "Monday, May 18, 2026"
  },
  {
    "verse": "Luke 11:11-13",
    "date": "2026-05-19",
    "formattedDate": "Tuesday, May 19, 2026"
  },
  {
    "verse": "Luke 12:52",
    "date": "2026-05-20",
    "formattedDate": "Wednesday, May 20, 2026"
  },
  {
    "verse": "Luke 14:28",
    "date": "2026-05-21",
    "formattedDate": "Thursday, May 21, 2026"
  },
  {
    "verse": "Luke 15:7",
    "date": "2026-05-22",
    "formattedDate": "Friday, May 22, 2026"
  },
  {
    "verse": "Luke 19:10",
    "date": "2026-05-23",
    "formattedDate": "Saturday, May 23, 2026"
  },
  {
    "verse": "Luke 20:25",
    "date": "2026-05-24",
    "formattedDate": "Sunday, May 24, 2026"
  },
  {
    "verse": "John 1:1-2",
    "date": "2026-05-25",
    "formattedDate": "Monday, May 25, 2026"
  },
  {
    "verse": "John 1:3",
    "date": "2026-05-26",
    "formattedDate": "Tuesday, May 26, 2026"
  },
  {
    "verse": "John 1:4-5",
    "date": "2026-05-27",
    "formattedDate": "Wednesday, May 27, 2026"
  },
  {
    "verse": "John 1:6-8",
    "date": "2026-05-28",
    "formattedDate": "Thursday, May 28, 2026"
  },
  {
    "verse": "John 1:9",
    "date": "2026-05-29",
    "formattedDate": "Friday, May 29, 2026"
  },
  {
    "verse": "John 1:10-11",
    "date": "2026-05-30",
    "formattedDate": "Saturday, May 30, 2026"
  },
  {
    "verse": "John 1:12-14",
    "date": "2026-05-31",
    "formattedDate": "Sunday, May 31, 2026"
  },
  {
    "verse": "Revelation 19:13-16",
    "date": "2026-06-01",
    "formattedDate": "Monday, June 1, 2026"
  },
  {
    "verse": "John 3:36",
    "date": "2026-06-02",
    "formattedDate": "Tuesday, June 2, 2026"
  },
  {
    "verse": "John 8:31-32",
    "date": "2026-06-03",
    "formattedDate": "Wednesday, June 3, 2026"
  },
  {
    "verse": "John 10:9-11",
    "date": "2026-06-04",
    "formattedDate": "Thursday, June 4, 2026"
  },
  {
    "verse": "John 10:27-30",
    "date": "2026-06-05",
    "formattedDate": "Friday, June 5, 2026"
  },
  {
    "verse": "John 14:2-3",
    "date": "2026-06-06",
    "formattedDate": "Saturday, June 6, 2026"
  },
  {
    "verse": "John 14:4-5",
    "date": "2026-06-07",
    "formattedDate": "Sunday, June 7, 2026"
  },
  {
    "verse": "John 14:6",
    "date": "2026-06-08",
    "formattedDate": "Monday, June 8, 2026"
  },
  {
    "verse": "John 14:15",
    "date": "2026-06-09",
    "formattedDate": "Tuesday, June 9, 2026"
  },
  {
    "verse": "Ezra 7:10",
    "date": "2026-06-10",
    "formattedDate": "Wednesday, June 10, 2026"
  },
  {
    "verse": "Genesis 9:2",
    "date": "2026-06-11",
    "formattedDate": "Thursday, June 11, 2026"
  },
  {
    "verse": "John 16:13",
    "date": "2026-06-12",
    "formattedDate": "Friday, June 12, 2026"
  },
  {
    "verse": "John 16:24",
    "date": "2026-06-13",
    "formattedDate": "Saturday, June 13, 2026"
  },
  {
    "verse": "Exodus 3:14",
    "date": "2026-06-14",
    "formattedDate": "Sunday, June 14, 2026"
  },
  {
    "verse": "Philippians 2:14",
    "date": "2026-06-15",
    "formattedDate": "Monday, June 15, 2026"
  },
  {
    "verse": "1 Timothy 2:5",
    "date": "2026-06-16",
    "formattedDate": "Tuesday, June 16, 2026"
  },
  {
    "verse": "Acts 2:41",
    "date": "2026-06-17",
    "formattedDate": "Wednesday, June 17, 2026"
  },
  {
    "verse": "Acts 4:12",
    "date": "2026-06-18",
    "formattedDate": "Thursday, June 18, 2026"
  },
  {
    "verse": "John 20:21",
    "date": "2026-06-19",
    "formattedDate": "Friday, June 19, 2026"
  },
  {
    "verse": "Acts 17:2",
    "date": "2026-06-20",
    "formattedDate": "Saturday, June 20, 2026"
  },
  {
    "verse": "Romans 1:16-17",
    "date": "2026-06-21",
    "formattedDate": "Sunday, June 21, 2026",
    "plan": "The Romans Road",
    "description": "Day 1"
  },
  {
    "verse": "Romans 3:10",
    "date": "2026-06-22",
    "formattedDate": "Monday, June 22, 2026",
    "plan": "The Romans Road",
    "description": "Day 2"
  },
  {
    "verse": "Romans 3:20",
    "date": "2026-06-23",
    "formattedDate": "Tuesday, June 23, 2026",
    "plan": "The Romans Road",
    "description": "Day 3"
  },
  {
    "verse": "Romans 3:23",
    "date": "2026-06-24",
    "formattedDate": "Wednesday, June 24, 2026",
    "plan": "The Romans Road",
    "description": "Day 4"
  },
  {
    "verse": "Romans 5:8",
    "date": "2026-06-25",
    "formattedDate": "Thursday, June 25, 2026",
    "plan": "The Romans Road",
    "description": "Day 5"
  },
  {
    "verse": "Romans 6:23",
    "date": "2026-06-26",
    "formattedDate": "Friday, June 26, 2026",
    "plan": "The Romans Road",
    "description": "Day 6"
  },
  {
    "verse": "Romans 10:13",
    "date": "2026-06-27",
    "formattedDate": "Saturday, June 27, 2026",
    "plan": "The Romans Road",
    "description": "Day 7"
  },
  {
    "verse": "Romans 4:5",
    "date": "2026-06-28",
    "formattedDate": "Sunday, June 28, 2026"
  },
  {
    "verse": "Romans 5:1",
    "date": "2026-06-29",
    "formattedDate": "Monday, June 29, 2026"
  },
  {
    "verse": "Romans 6:1-2",
    "date": "2026-06-30",
    "formattedDate": "Tuesday, June 30, 2026"
  },
  {
    "verse": "Romans 6:3-4",
    "date": "2026-07-01",
    "formattedDate": "Wednesday, July 1, 2026"
  },
  {
    "verse": "Romans 6:5",
    "date": "2026-07-02",
    "formattedDate": "Thursday, July 2, 2026"
  },
  {
    "verse": "Romans 6:6",
    "date": "2026-07-03",
    "formattedDate": "Friday, July 3, 2026"
  },
  {
    "verse": "Romans 6:7-8",
    "date": "2026-07-04",
    "formattedDate": "Saturday, July 4, 2026"
  },
  {
    "verse": "Romans 6:9-10",
    "date": "2026-07-05",
    "formattedDate": "Sunday, July 5, 2026"
  },
  {
    "verse": "Romans 6:11-12",
    "date": "2026-07-06",
    "formattedDate": "Monday, July 6, 2026"
  },
  {
    "verse": "Romans 6:14",
    "date": "2026-07-07",
    "formattedDate": "Tuesday, July 7, 2026"
  },
  {
    "verse": "Romans 8:1",
    "date": "2026-07-08",
    "formattedDate": "Wednesday, July 8, 2026"
  },
  {
    "verse": "Romans 8:6",
    "date": "2026-07-09",
    "formattedDate": "Thursday, July 9, 2026"
  },
  {
    "verse": "Romans 8:28",
    "date": "2026-07-10",
    "formattedDate": "Friday, July 10, 2026"
  },
  {
    "verse": "Romans 8:29",
    "date": "2026-07-11",
    "formattedDate": "Saturday, July 11, 2026"
  },
  {
    "verse": "Romans 8:30",
    "date": "2026-07-12",
    "formattedDate": "Sunday, July 12, 2026"
  },
  {
    "verse": "Romans 8:31",
    "date": "2026-07-13",
    "formattedDate": "Monday, July 13, 2026"
  },
  {
    "verse": "Romans 8:32",
    "date": "2026-07-14",
    "formattedDate": "Tuesday, July 14, 2026"
  },
  {
    "verse": "Romans 10:9-10",
    "date": "2026-07-15",
    "formattedDate": "Wednesday, July 15, 2026"
  },
  {
    "verse": "Judges 21:25",
    "date": "2026-07-16",
    "formattedDate": "Thursday, July 16, 2026"
  },
  {
    "verse": "Romans 14:23",
    "date": "2026-07-17",
    "formattedDate": "Friday, July 17, 2026"
  },
  {
    "verse": "1 Corinthians 2:2",
    "date": "2026-07-18",
    "formattedDate": "Saturday, July 18, 2026"
  },
  {
    "verse": "1 Corinthians 2:5",
    "date": "2026-07-19",
    "formattedDate": "Sunday, July 19, 2026"
  },
  {
    "verse": "1 Corinthians 4:1-2",
    "date": "2026-07-20",
    "formattedDate": "Monday, July 20, 2026"
  },
  {
    "verse": "1 Corinthians 6:2",
    "date": "2026-07-21",
    "formattedDate": "Tuesday, July 21, 2026"
  },
  {
    "verse": "1 Corinthians 6:9-11",
    "date": "2026-07-22",
    "formattedDate": "Wednesday, July 22, 2026"
  },
  {
    "verse": "1 Corinthians 6:19-20",
    "date": "2026-07-23",
    "formattedDate": "Thursday, July 23, 2026"
  },
  {
    "verse": "1 Corinthians 10:13",
    "date": "2026-07-24",
    "formattedDate": "Friday, July 24, 2026"
  },
  {
    "verse": "1 Corinthians 10:31",
    "date": "2026-07-25",
    "formattedDate": "Saturday, July 25, 2026"
  },
  {
    "verse": "1 Corinthians 13:1-2",
    "date": "2026-07-26",
    "formattedDate": "Sunday, July 26, 2026",
    "plan": "Love - 1 Corinthians 13",
    "description": "Day 1"
  },
  {
    "verse": "1 Corinthians 13:3-4",
    "date": "2026-07-27",
    "formattedDate": "Monday, July 27, 2026",
    "plan": "Love - 1 Corinthians 13",
    "description": "Day 2"
  },
  {
    "verse": "1 Corinthians 13:5-7",
    "date": "2026-07-28",
    "formattedDate": "Tuesday, July 28, 2026",
    "plan": "Love - 1 Corinthians 13",
    "description": "Day 3"
  },
  {
    "verse": "1 Corinthians 13:8",
    "date": "2026-07-29",
    "formattedDate": "Wednesday, July 29, 2026",
    "plan": "Love - 1 Corinthians 13",
    "description": "Day 4"
  },
  {
    "verse": "1 Corinthians 13:9-10",
    "date": "2026-07-30",
    "formattedDate": "Thursday, July 30, 2026",
    "plan": "Love - 1 Corinthians 13",
    "description": "Day 5"
  },
  {
    "verse": "1 Corinthians 13:11-12",
    "date": "2026-07-31",
    "formattedDate": "Friday, July 31, 2026",
    "plan": "Love - 1 Corinthians 13",
    "description": "Day 6"
  },
  {
    "verse": "1 Corinthians 13:13",
    "date": "2026-08-01",
    "formattedDate": "Saturday, August 1, 2026",
    "plan": "Love - 1 Corinthians 13",
    "description": "Day 7"
  },
  {
    "verse": "1 Corinthians 14:33",
    "date": "2026-08-02",
    "formattedDate": "Sunday, August 2, 2026"
  },
  {
    "verse": "Daniel 9:24",
    "date": "2026-08-03",
    "formattedDate": "Monday, August 3, 2026"
  },
  {
    "verse": "1 Corinthians 15:55-58",
    "date": "2026-08-04",
    "formattedDate": "Tuesday, August 4, 2026"
  },
  {
    "verse": "1 Corinthians 16:13-14",
    "date": "2026-08-05",
    "formattedDate": "Wednesday, August 5, 2026"
  },
  {
    "verse": "2 Peter 3:7",
    "date": "2026-08-06",
    "formattedDate": "Thursday, August 6, 2026"
  },
  {
    "verse": "2 Corinthians 5:20-21",
    "date": "2026-08-07",
    "formattedDate": "Friday, August 7, 2026"
  },
  {
    "verse": "2 Corinthians 6:2",
    "date": "2026-08-08",
    "formattedDate": "Saturday, August 8, 2026"
  },
  {
    "verse": "2 Corinthians 6:17-18",
    "date": "2026-08-09",
    "formattedDate": "Sunday, August 9, 2026"
  },
  {
    "verse": "2 Corinthians 9:7",
    "date": "2026-08-10",
    "formattedDate": "Monday, August 10, 2026"
  },
  {
    "verse": "2 Corinthians 9:15",
    "date": "2026-08-11",
    "formattedDate": "Tuesday, August 11, 2026"
  },
  {
    "verse": "2 Corinthians 10:5",
    "date": "2026-08-12",
    "formattedDate": "Wednesday, August 12, 2026"
  },
  {
    "verse": "Galatians 2:20",
    "date": "2026-08-13",
    "formattedDate": "Thursday, August 13, 2026"
  },
  {
    "verse": "Galatians 3:6",
    "date": "2026-08-14",
    "formattedDate": "Friday, August 14, 2026"
  },
  {
    "verse": "Galatians 3:11",
    "date": "2026-08-15",
    "formattedDate": "Saturday, August 15, 2026"
  },
  {
    "verse": "Galatians 3:13",
    "date": "2026-08-16",
    "formattedDate": "Sunday, August 16, 2026"
  },
  {
    "verse": "Galatians 3:28",
    "date": "2026-08-17",
    "formattedDate": "Monday, August 17, 2026"
  },
  {
    "verse": "Galatians 4:4-6",
    "date": "2026-08-18",
    "formattedDate": "Tuesday, August 18, 2026"
  },
  {
    "verse": "Galatians 5:1",
    "date": "2026-08-19",
    "formattedDate": "Wednesday, August 19, 2026"
  },
  {
    "verse": "Galatians 5:16",
    "date": "2026-08-20",
    "formattedDate": "Thursday, August 20, 2026"
  },
  {
    "verse": "Galatians 5:22-24",
    "date": "2026-08-21",
    "formattedDate": "Friday, August 21, 2026"
  },
  {
    "verse": "Galatians 6:7-9",
    "date": "2026-08-22",
    "formattedDate": "Saturday, August 22, 2026"
  },
  {
    "verse": "Ephesians 1:7",
    "date": "2026-08-23",
    "formattedDate": "Sunday, August 23, 2026"
  },
  {
    "verse": "Ephesians 2:8-10",
    "date": "2026-08-24",
    "formattedDate": "Monday, August 24, 2026"
  },
  {
    "verse": "Ephesians 2:19-20",
    "date": "2026-08-25",
    "formattedDate": "Tuesday, August 25, 2026"
  },
  {
    "verse": "Ephesians 3:20",
    "date": "2026-08-26",
    "formattedDate": "Wednesday, August 26, 2026"
  },
  {
    "verse": "Ephesians 4:30",
    "date": "2026-08-27",
    "formattedDate": "Thursday, August 27, 2026"
  },
  {
    "verse": "Ephesians 4:32",
    "date": "2026-08-28",
    "formattedDate": "Friday, August 28, 2026"
  },
  {
    "verse": "Ephesians 5:18",
    "date": "2026-08-29",
    "formattedDate": "Saturday, August 29, 2026"
  },
  {
    "verse": "Ruth 1:16-17",
    "date": "2026-08-30",
    "formattedDate": "Sunday, August 30, 2026"
  },
  {
    "verse": "Ephesians 6:10",
    "date": "2026-08-31",
    "formattedDate": "Monday, August 31, 2026"
  },
  {
    "verse": "Philippians 1:6",
    "date": "2026-09-01",
    "formattedDate": "Tuesday, September 1, 2026"
  },
  {
    "verse": "Philippians 1:21",
    "date": "2026-09-02",
    "formattedDate": "Wednesday, September 2, 2026"
  },
  {
    "verse": "Philippians 2:5",
    "date": "2026-09-03",
    "formattedDate": "Thursday, September 3, 2026",
    "plan": "Kenosis - Philippians 2",
    "description": "Day 1"
  },
  {
    "verse": "Philippians 2:6-7",
    "date": "2026-09-04",
    "formattedDate": "Friday, September 4, 2026",
    "plan": "Kenosis - Philippians 2",
    "description": "Day 2"
  },
  {
    "verse": "Philippians 2:8",
    "date": "2026-09-05",
    "formattedDate": "Saturday, September 5, 2026",
    "plan": "Kenosis - Philippians 2",
    "description": "Day 3"
  },
  {
    "verse": "Philippians 2:9",
    "date": "2026-09-06",
    "formattedDate": "Sunday, September 6, 2026",
    "plan": "Kenosis - Philippians 2",
    "description": "Day 4"
  },
  {
    "verse": "Philippians 2:10-11",
    "date": "2026-09-07",
    "formattedDate": "Monday, September 7, 2026",
    "plan": "Kenosis - Philippians 2",
    "description": "Day 5"
  },
  {
    "verse": "Philippians 3:10",
    "date": "2026-09-08",
    "formattedDate": "Tuesday, September 8, 2026"
  },
  {
    "verse": "Philippians 3:14",
    "date": "2026-09-09",
    "formattedDate": "Wednesday, September 9, 2026"
  },
  {
    "verse": "Philippians 3:20-21",
    "date": "2026-09-10",
    "formattedDate": "Thursday, September 10, 2026",
    "plan": "Citizenship and Mindset - Philippians 3 and 4",
    "description": "Day 1"
  },
  {
    "verse": "Philippians 4:4",
    "date": "2026-09-11",
    "formattedDate": "Friday, September 11, 2026",
    "plan": "Citizenship and Mindset - Philippians 3 and 4",
    "description": "Day 2"
  },
  {
    "verse": "Philippians 4:5",
    "date": "2026-09-12",
    "formattedDate": "Saturday, September 12, 2026",
    "plan": "Citizenship and Mindset - Philippians 3 and 4",
    "description": "Day 3"
  },
  {
    "verse": "Philippians 4:6-7",
    "date": "2026-09-13",
    "formattedDate": "Sunday, September 13, 2026",
    "plan": "Citizenship and Mindset - Philippians 3 and 4",
    "description": "Day 4"
  },
  {
    "verse": "Philippians 4:8",
    "date": "2026-09-14",
    "formattedDate": "Monday, September 14, 2026",
    "plan": "Citizenship and Mindset - Philippians 3 and 4",
    "description": "Day 5"
  },
  {
    "verse": "Philippians 4:11-12",
    "date": "2026-09-15",
    "formattedDate": "Tuesday, September 15, 2026",
    "plan": "Citizenship and Mindset - Philippians 3 and 4",
    "description": "Day 6"
  },
  {
    "verse": "Philippians 4:13",
    "date": "2026-09-16",
    "formattedDate": "Wednesday, September 16, 2026",
    "plan": "Citizenship and Mindset - Philippians 3 and 4",
    "description": "Day 7"
  },
  {
    "verse": "Philippians 4:19",
    "date": "2026-09-17",
    "formattedDate": "Thursday, September 17, 2026"
  },
  {
    "verse": "Colossians 1:10-12",
    "date": "2026-09-18",
    "formattedDate": "Friday, September 18, 2026"
  },
  {
    "verse": "Colossians 1:13-14",
    "date": "2026-09-19",
    "formattedDate": "Saturday, September 19, 2026"
  },
  {
    "verse": "Colossians 1:17-18",
    "date": "2026-09-20",
    "formattedDate": "Sunday, September 20, 2026"
  },
  {
    "verse": "Colossians 1:27",
    "date": "2026-09-21",
    "formattedDate": "Monday, September 21, 2026"
  },
  {
    "verse": "Colossians 2:3",
    "date": "2026-09-22",
    "formattedDate": "Tuesday, September 22, 2026"
  },
  {
    "verse": "Colossians 2:8-9",
    "date": "2026-09-23",
    "formattedDate": "Wednesday, September 23, 2026"
  },
  {
    "verse": "Colossians 2:14-15",
    "date": "2026-09-24",
    "formattedDate": "Thursday, September 24, 2026"
  },
  {
    "verse": "Colossians 2:20-23",
    "date": "2026-09-25",
    "formattedDate": "Friday, September 25, 2026"
  },
  {
    "verse": "Colossians 3:1",
    "date": "2026-09-26",
    "formattedDate": "Saturday, September 26, 2026"
  },
  {
    "verse": "Colossians 3:2-3",
    "date": "2026-09-27",
    "formattedDate": "Sunday, September 27, 2026"
  },
  {
    "verse": "Colossians 3:4",
    "date": "2026-09-28",
    "formattedDate": "Monday, September 28, 2026"
  },
  {
    "verse": "Colossians 3:5",
    "date": "2026-09-29",
    "formattedDate": "Tuesday, September 29, 2026"
  },
  {
    "verse": "Colossians 3:16-17",
    "date": "2026-09-30",
    "formattedDate": "Wednesday, September 30, 2026"
  },
  {
    "verse": "Colossians 4:5-6",
    "date": "2026-10-01",
    "formattedDate": "Thursday, October 1, 2026"
  },
  {
    "verse": "Colossians 4:17",
    "date": "2026-10-02",
    "formattedDate": "Friday, October 2, 2026"
  },
  {
    "verse": "1 Thessalonians 4:16-18",
    "date": "2026-10-03",
    "formattedDate": "Saturday, October 3, 2026"
  },
  {
    "verse": "1 Thessalonians 5:16-18",
    "date": "2026-10-04",
    "formattedDate": "Sunday, October 4, 2026"
  },
  {
    "verse": "1 Thessalonians 5:19-20",
    "date": "2026-10-05",
    "formattedDate": "Monday, October 5, 2026"
  },
  {
    "verse": "1 Thessalonians 5:21-22",
    "date": "2026-10-06",
    "formattedDate": "Tuesday, October 6, 2026"
  },
  {
    "verse": "Hebrews 10:30-31",
    "date": "2026-10-07",
    "formattedDate": "Wednesday, October 7, 2026"
  },
  {
    "verse": "2 Thessalonians 2:15",
    "date": "2026-10-08",
    "formattedDate": "Thursday, October 8, 2026"
  },
  {
    "verse": "2 Thessalonians 3:3",
    "date": "2026-10-09",
    "formattedDate": "Friday, October 9, 2026"
  },
  {
    "verse": "2 Thessalonians 3:14-15",
    "date": "2026-10-10",
    "formattedDate": "Saturday, October 10, 2026"
  },
  {
    "verse": "1 Timothy 1:15",
    "date": "2026-10-11",
    "formattedDate": "Sunday, October 11, 2026"
  },
  {
    "verse": "Acts 1:7-8",
    "date": "2026-10-12",
    "formattedDate": "Monday, October 12, 2026",
    "description": "Columbus Day (Holiday)"
  },
  {
    "verse": "1 Timothy 6:6-8",
    "date": "2026-10-13",
    "formattedDate": "Tuesday, October 13, 2026"
  },
  {
    "verse": "2 Timothy 1:7",
    "date": "2026-10-14",
    "formattedDate": "Wednesday, October 14, 2026"
  },
  {
    "verse": "2 Timothy 2:15",
    "date": "2026-10-15",
    "formattedDate": "Thursday, October 15, 2026"
  },
  {
    "verse": "2 Timothy 3:12",
    "date": "2026-10-16",
    "formattedDate": "Friday, October 16, 2026"
  },
  {
    "verse": "2 Timothy 3:16-17",
    "date": "2026-10-17",
    "formattedDate": "Saturday, October 17, 2026"
  },
  {
    "verse": "2 Timothy 4:2",
    "date": "2026-10-18",
    "formattedDate": "Sunday, October 18, 2026"
  },
  {
    "verse": "Titus 2:11",
    "date": "2026-10-19",
    "formattedDate": "Monday, October 19, 2026"
  },
  {
    "verse": "Titus 2:12",
    "date": "2026-10-20",
    "formattedDate": "Tuesday, October 20, 2026"
  },
  {
    "verse": "Titus 2:13",
    "date": "2026-10-21",
    "formattedDate": "Wednesday, October 21, 2026"
  },
  {
    "verse": "Titus 2:14",
    "date": "2026-10-22",
    "formattedDate": "Thursday, October 22, 2026"
  },
  {
    "verse": "Titus 3:5",
    "date": "2026-10-23",
    "formattedDate": "Friday, October 23, 2026"
  },
  {
    "verse": "Philemon 1:14",
    "date": "2026-10-24",
    "formattedDate": "Saturday, October 24, 2026"
  },
  {
    "verse": "Hebrews 1:1-2",
    "date": "2026-10-25",
    "formattedDate": "Sunday, October 25, 2026"
  },
  {
    "verse": "Hebrews 4:12-13",
    "date": "2026-10-26",
    "formattedDate": "Monday, October 26, 2026"
  },
  {
    "verse": "Hebrews 7:25",
    "date": "2026-10-27",
    "formattedDate": "Tuesday, October 27, 2026"
  },
  {
    "verse": "Hebrews 9:27",
    "date": "2026-10-28",
    "formattedDate": "Wednesday, October 28, 2026"
  },
  {
    "verse": "Hebrews 10:23-25",
    "date": "2026-10-29",
    "formattedDate": "Thursday, October 29, 2026"
  },
  {
    "verse": "Hebrews 10:26-27",
    "date": "2026-10-30",
    "formattedDate": "Friday, October 30, 2026"
  },
  {
    "verse": "2 Thessalonians 2:7",
    "date": "2026-10-31",
    "formattedDate": "Saturday, October 31, 2026",
    "description": "Halloween (Holiday)"
  },
  {
    "verse": "Hebrews 11:1",
    "date": "2026-11-01",
    "formattedDate": "Sunday, November 1, 2026"
  },
  {
    "verse": "Hebrews 11:6",
    "date": "2026-11-02",
    "formattedDate": "Monday, November 2, 2026"
  },
  {
    "verse": "Hebrews 12:5-6",
    "date": "2026-11-03",
    "formattedDate": "Tuesday, November 3, 2026"
  },
  {
    "verse": "Hebrews 12:14",
    "date": "2026-11-04",
    "formattedDate": "Wednesday, November 4, 2026"
  },
  {
    "verse": "Hebrews 13:1-2",
    "date": "2026-11-05",
    "formattedDate": "Thursday, November 5, 2026"
  },
  {
    "verse": "Hebrews 13:5-6",
    "date": "2026-11-06",
    "formattedDate": "Friday, November 6, 2026"
  },
  {
    "verse": "Hebrews 13:7-8",
    "date": "2026-11-07",
    "formattedDate": "Saturday, November 7, 2026"
  },
  {
    "verse": "James 1:12",
    "date": "2026-11-08",
    "formattedDate": "Sunday, November 8, 2026"
  },
  {
    "verse": "James 1:22",
    "date": "2026-11-09",
    "formattedDate": "Monday, November 9, 2026"
  },
  {
    "verse": "James 2:9-10",
    "date": "2026-11-10",
    "formattedDate": "Tuesday, November 10, 2026"
  },
  {
    "verse": "James 3:1",
    "date": "2026-11-11",
    "formattedDate": "Wednesday, November 11, 2026"
  },
  {
    "verse": "James 4:10",
    "date": "2026-11-12",
    "formattedDate": "Thursday, November 12, 2026"
  },
  {
    "verse": "James 5:16",
    "date": "2026-11-13",
    "formattedDate": "Friday, November 13, 2026"
  },
  {
    "verse": "1 Peter 1:16",
    "date": "2026-11-14",
    "formattedDate": "Saturday, November 14, 2026"
  },
  {
    "verse": "1 Peter 2:2",
    "date": "2026-11-15",
    "formattedDate": "Sunday, November 15, 2026"
  },
  {
    "verse": "1 Peter 2:21",
    "date": "2026-11-16",
    "formattedDate": "Monday, November 16, 2026"
  },
  {
    "verse": "1 Peter 2:24",
    "date": "2026-11-17",
    "formattedDate": "Tuesday, November 17, 2026"
  },
  {
    "verse": "1 Peter 3:15",
    "date": "2026-11-18",
    "formattedDate": "Wednesday, November 18, 2026"
  },
  {
    "verse": "1 Peter 3:16",
    "date": "2026-11-19",
    "formattedDate": "Thursday, November 19, 2026"
  },
  {
    "verse": "1 Peter 3:17",
    "date": "2026-11-20",
    "formattedDate": "Friday, November 20, 2026"
  },
  {
    "verse": "Leviticus 19:18",
    "date": "2026-11-21",
    "formattedDate": "Saturday, November 21, 2026"
  },
  {
    "verse": "2 Peter 1:5-8",
    "date": "2026-11-22",
    "formattedDate": "Sunday, November 22, 2026"
  },
  {
    "verse": "2 Peter 1:20-21",
    "date": "2026-11-23",
    "formattedDate": "Monday, November 23, 2026"
  },
  {
    "verse": "2 Peter 3:3-4",
    "date": "2026-11-24",
    "formattedDate": "Tuesday, November 24, 2026"
  },
  {
    "verse": "2 Peter 3:5-6",
    "date": "2026-11-25",
    "formattedDate": "Wednesday, November 25, 2026"
  },
  {
    "verse": "2 Corinthians 5:17",
    "date": "2026-11-26",
    "formattedDate": "Thursday, November 26, 2026",
    "description": "Thanksgiving Day (Holiday)"
  },
  {
    "verse": "2 Peter 3:8-9",
    "date": "2026-11-27",
    "formattedDate": "Friday, November 27, 2026"
  },
  {
    "verse": "2 Peter 3:10",
    "date": "2026-11-28",
    "formattedDate": "Saturday, November 28, 2026"
  },
  {
    "verse": "2 Peter 3:11-12",
    "date": "2026-11-29",
    "formattedDate": "Sunday, November 29, 2026"
  },
  {
    "verse": "2 Peter 3:13",
    "date": "2026-11-30",
    "formattedDate": "Monday, November 30, 2026"
  },
  {
    "verse": "1 John 1:7",
    "date": "2026-12-01",
    "formattedDate": "Tuesday, December 1, 2026"
  },
  {
    "verse": "1 John 1:9",
    "date": "2026-12-02",
    "formattedDate": "Wednesday, December 2, 2026"
  },
  {
    "verse": "1 John 2:1-2",
    "date": "2026-12-03",
    "formattedDate": "Thursday, December 3, 2026"
  },
  {
    "verse": "1 John 2:15-17",
    "date": "2026-12-04",
    "formattedDate": "Friday, December 4, 2026"
  },
  {
    "verse": "Numbers 24:17",
    "date": "2026-12-05",
    "formattedDate": "Saturday, December 5, 2026"
  },
  {
    "verse": "1 John 4:4",
    "date": "2026-12-06",
    "formattedDate": "Sunday, December 6, 2026"
  },
  {
    "verse": "1 John 5:4",
    "date": "2026-12-07",
    "formattedDate": "Monday, December 7, 2026"
  },
  {
    "verse": "Deuteronomy 33:12",
    "date": "2026-12-08",
    "formattedDate": "Tuesday, December 8, 2026"
  },
  {
    "verse": "1 John 5:10",
    "date": "2026-12-09",
    "formattedDate": "Wednesday, December 9, 2026"
  },
  {
    "verse": "1 John 5:11",
    "date": "2026-12-10",
    "formattedDate": "Thursday, December 10, 2026"
  },
  {
    "verse": "1 John 5:12",
    "date": "2026-12-11",
    "formattedDate": "Friday, December 11, 2026"
  },
  {
    "verse": "1 John 5:13",
    "date": "2026-12-12",
    "formattedDate": "Saturday, December 12, 2026"
  },
  {
    "verse": "1 John 5:14",
    "date": "2026-12-13",
    "formattedDate": "Sunday, December 13, 2026"
  },
  {
    "verse": "2 John 1:8",
    "date": "2026-12-14",
    "formattedDate": "Monday, December 14, 2026"
  },
  {
    "verse": "3 John 1:7-8",
    "date": "2026-12-15",
    "formattedDate": "Tuesday, December 15, 2026"
  },
  {
    "verse": "Jude 1:3",
    "date": "2026-12-16",
    "formattedDate": "Wednesday, December 16, 2026"
  },
  {
    "verse": "Jude 1:9",
    "date": "2026-12-17",
    "formattedDate": "Thursday, December 17, 2026"
  },
  {
    "verse": "Jude 1:14",
    "date": "2026-12-18",
    "formattedDate": "Friday, December 18, 2026"
  },
  {
    "verse": "Revelation 3:20",
    "date": "2026-12-19",
    "formattedDate": "Saturday, December 19, 2026"
  },
  {
    "verse": "Revelation 4:8",
    "date": "2026-12-20",
    "formattedDate": "Sunday, December 20, 2026"
  },
  {
    "verse": "Revelation 5:9-10",
    "date": "2026-12-21",
    "formattedDate": "Monday, December 21, 2026"
  },
  {
    "verse": "Revelation 11:15",
    "date": "2026-12-22",
    "formattedDate": "Tuesday, December 22, 2026"
  },
  {
    "verse": "Revelation 12:10-11",
    "date": "2026-12-23",
    "formattedDate": "Wednesday, December 23, 2026"
  },
  {
    "verse": "Revelation 13:18",
    "date": "2026-12-24",
    "formattedDate": "Thursday, December 24, 2026"
  },
  {
    "verse": "John 3:16-17",
    "date": "2026-12-25",
    "formattedDate": "Friday, December 25, 2026",
    "description": "Christmas Day (Holiday)"
  },
  {
    "verse": "Revelation 20:15",
    "date": "2026-12-26",
    "formattedDate": "Saturday, December 26, 2026"
  },
  {
    "verse": "Revelation 21:4",
    "date": "2026-12-27",
    "formattedDate": "Sunday, December 27, 2026"
  },
  {
    "verse": "Revelation 21:8",
    "date": "2026-12-28",
    "formattedDate": "Monday, December 28, 2026"
  },
  {
    "verse": "Revelation 22:3",
    "date": "2026-12-29",
    "formattedDate": "Tuesday, December 29, 2026"
  },
  {
    "verse": "Revelation 22:17",
    "date": "2026-12-30",
    "formattedDate": "Wednesday, December 30, 2026"
  },
  {
    "verse": "Revelation 22:20-21",
    "date": "2026-12-31",
    "formattedDate": "Thursday, December 31, 2026"
  }
]
